Time [Sec],Li7,Be9,B11,Mg24,Al27,Si28,Ca43,Sc45,Ti47,V51,Cr52,Mn55,Fe56,Fe57,Co59,Ni60,Cu63,Zn66,Ga71,As75,Sr88,Y89,Zr90,Nb93,Cd111,Sn118,Sb121,La139,Ce140,Pr141,Nd146,Sm147,Eu153,Gd157,Tb159,Dy163,Ho165,Er166,Tm169,Yb172,Lu175,Ta181,Pb208,Bi209,Th232,U238
3.4125,10,0,120,0,0,86246.92,0,20,10,20,120,100,6501.43,0,0,20,0,0,0,120,0,0,0,0,0,1480.08,0,0,0,0,0,0,0,0,0,0,0,0,0,0,0,0,10,10,0,0
6.7266,0,0,60,0,100,68154.29,0,30,0,0,200,140,5701.1,0,0,0,0,0,0,200,0,0,0,0,0,1960.14,0,0,0,0,0,0,0,0,0,0,0,0,0,0,0,0,0,0,0,0
10.0406,0,0,60,0,100,79208.32,100,30,10,0,240,80,5501.03,100,0,0,0,20,0,100,0,0,0,0,0,1640.1,0,0,0,0,0,0,0,0,0,0,0,0,0,0,0,0,0,0,0,0
13.3547,10,0,70,0,300,86246.92,0,25,0,0,220,60,6901.62,100,0,20,0,0,0,140,0,0,0,0,0,1600.09,10,0,0,0,0,0,0,0,0,0,0,0,0,0,0,0,10,0,0,0
16.6687,0,0,90,0,0,91276.52,0,15,30,0,240,180,5400.99,0,0,20,0,0,0,80,0,0,0,0,0,1800.11,0,0,0,0,0,0,0,0,0,0,0,0,0,0,0,0,10,0,0,0
19.9827,0,0,60,0,0,79208.32,0,35,0,0,200,140,6501.43,100,0,0,0,0,10,200,0,0,0,0,0,1520.08,0,0,0,0,0,0,0,0,0,0,0,0,0,0,0,0,0,0,0,0
23.2968,10,0,0,100,200,82224.45,100,50,0,20,240,160,5200.92,0,0,40,0,0,0,120,0,0,0,0,0,1680.1,0,0,0,0,0,0,0,0,0,0,0,0,0,0,0,0,0,0,0,0
26.6108,10,0,90,0,100,101340.74,0,10,0,0,180,300,7201.76,0,0,20,0,0,0,160,0,0,0,0,0,1700.1,10,0,0,0,0,0,0,0,0,0,0,0,0,0,0,0,0,0,0,0
29.9249,0,0,40,0,200,71168.21,0,30,10,0,200,40,4200.6,100,0,0,0,0,0,100,0,0,0,0,0,1480.08,10,0,0,0,0,0,0,0,16.67,0,0,0,0,0,0,0,10,0,0,0
33.2389,0,0,10,0,100,91276.52,0,30,10,0,180,160,5400.99,0,0,0,0,0,0,140,0,0,0,0,0,1520.08,10,0,0,0,0,0,0,0,0,0,16079.42,12615.8,41532.94,8472.63,32418.51,46489.44,20085.09,25955.22,36891.64,39198.51
36.553,3510.4,790.02,380,3600.43,450759.63,5292926.51,14406.98,5801.13,440.01,6821.57,6741.54,10864,17910.88,300,14787.43,3440.4,8982.75,1000.03,5240.94,1160.05,31895.24,25322.23,15258.08,31694.91,1220.05,13946.88,12795.8,52739.53,52599.07,69251.73,9503.25,9963.58,36063.66,11755.01,76344.4,16740.2,69535.8,24451.79,70883.14,17150.76,65215.64,83435.55,41955.81,54892.67,69684.03,87591.62
39.867,6671.46,1280.05,710.02,6501.4,674085.02,11628412.53,27425.28,8682.54,780.02,13586.24,12585.36,14827.45,21014.98,300,18391.5,4200.6,12225.09,1520.08,6401.4,1560.08,40276.17,23188.64,14497.29,29931.13,1100.04,12865.85,10814.14,42865.78,48423.97,55309.6,8902.85,8222.44,28145.29,9136.36,54892.54,12565.75,54849.44,17290.9,54839.68,12806,48847.37,62744.63,26846.96,38365.07,50938.4,60077.33
43.1811,6001.18,1220.05,600.01,5601.04,612949.13,6719691.09,19713.06,6801.56,450.01,10103.45,10423.68,11244.29,16108.8,400.01,13626.31,3460.41,8342.37,1120.04,4970.85,1040.04,26925.11,19463.14,12555.47,25562.71,700.02,7942.23,7522,32718.33,32858.69,35765.86,6961.74,6841.69,23820.51,7618.77,45792.69,9903.57,44160.98,15919.24,48465.69,11024.45,46589.49,49259.18,18963.46,29282.09,42368.1,39138.33
46.4951,3740.46,730.02,460.01,5000.83,518388.39,5729729.71,14807.37,5911.18,330,6521.44,5220.92,6281.34,15908.58,400.01,8562.49,2300.18,6831.59,760.02,3360.39,540.01,20604.71,14777.57,9533.15,18571.99,620.01,8042.29,6441.47,26645.43,24281.13,29411.02,5281,5641.15,19430.31,6501.53,46177.3,8912.89,40579.94,13957.1,41452.7,7492.05,29832.61,39697.94,16009.59,20655.97,29212.39,28370.66
49.8092,3230.34,520.01,430.01,2800.26,369179.18,4016810.11,12505.26,4805.78,310,5541.04,5801.14,7481.9,13306.01,100,8242.31,2200.16,6351.38,840.02,2910.29,660.01,18612,14257.05,9062.85,14527.34,540.01,7522,4670.77,18211.88,20755.44,26084.4,4280.66,3820.53,14857.98,4934.22,33908.37,7682.15,29261.18,11084.48,30413.77,7351.98,33491.1,39517.42,14517.89,19454.17,32199.35,34204.56
53.1232,3810.48,610.01,220,3700.45,338877.84,3707265.45,9503.04,4430.66,370,5861.16,5701.1,5661.09,13105.83,500.01,7722.03,1580.08,5541.05,560.01,2860.28,740.02,15488.31,11604.67,7892.16,15548.41,510.01,6581.53,4800.82,23640.02,27647.39,30052.38,4940.88,3740.5,14290.72,3917.22,24989.32,7622.11,31055.11,10383.93,32799.27,7281.94,29321.5,36970.26,12545.89,17661.68,28851.6,28951.93
56.4373,3180.33,590.01,400.01,2700.24,359959.55,4121527.15,12805.51,4075.56,220,5120.89,5601.06,5841.16,13606.28,200,7702.02,2000.14,3780.49,380,2340.19,640.01,16349.26,13025.88,6811.61,13386.23,430.01,5961.26,4560.74,18392.12,24361.27,26946.04,4500.73,3400.42,13656.74,4017.25,29932.5,7391.99,31666.51,9863.55,30844.73,6711.65,24522.04,29762.58,12575.92,14758.16,27729.19,27468.74
59.7513,2980.29,660.01,420.01,3700.45,318233.82,3708841.13,10003.36,3720.47,330,4640.73,5801.14,5200.92,13906.56,200,8562.49,1940.13,4640.73,520.01,2840.28,840.02,16959.97,11404.51,7281.84,12565.49,500.01,5581.1,4580.74,19453.56,24782.01,25222.82,4200.64,4880.86,15992.58,4183.97,32521.7,6951.76,29792.32,9723.45,29501.77,6261.43,28108.95,26205.26,10964.5,16700.44,28651.16,24262.43
63.0653,2800.26,430.01,340,3000.3,324873.64,3057875.83,10403.64,3660.45,290,4780.77,5701.1,5040.86,12305.14,400.01,6601.48,1700.1,4990.85,580.01,2340.19,460.01,15388.21,10503.83,6311.38,12865.76,340,6601.54,4210.63,18512.28,17390.84,19894.2,3320.4,3220.37,11788.36,3683.83,29247.7,6261.43,28229.02,10073.7,28549.76,6651.62,25573.97,32288.34,12535.88,18022.16,26666.99,23300.69
66.3794,2350.18,390,340,2100.15,273567.29,3225616.55,8902.67,3540.42,320,4500.68,4820.79,4640.73,11504.49,200,5621.07,1720.1,3780.49,500.01,2120.15,720.02,14847.64,8592.56,6001.25,12745.65,290,5321,3590.46,14587.63,18992.93,20334.83,4280.66,3500.44,12355.52,3683.83,26725.91,6431.51,27046.64,8512.64,33210.26,5961.3,26806.34,28329.52,10514.14,13777.11,26787.24,23841.66
69.6934,2690.24,500.01,340,3800.48,285282.06,3072298.68,8602.49,3355.38,330,4040.55,5441,4760.77,12004.89,200,5641.08,1540.08,3780.49,580.01,2020.14,700.02,15177.98,11884.9,6621.52,10724,300,5621.12,3980.56,16649.93,20495.06,19894.2,3620.47,3360.41,12055.26,3500.44,21249.72,4800.84,21957.56,8612.7,28910.51,6041.34,21356.72,29832.73,11635.07,15128.57,26707.07,26386.53
73.0075,2500.21,310,380,3600.43,319255.16,3425960.29,9703.17,3185.34,280,3320.37,3920.52,4440.67,11404.41,300,6101.27,1880.12,3730.47,420.01,2090.15,520.01,14367.15,9743.29,6291.37,10323.71,490.01,5421.04,3000.32,14347.38,15328.43,18852.75,4260.65,3040.33,13790.21,3567.13,20515.27,5050.93,24041.05,6371.48,25343.45,5601.15,19564.03,27758.34,10594.2,13767.1,17371.46,17251.34
76.3215,1840.11,370,300,2100.15,279678.23,2821293.57,8102.21,2830.27,320,4240.61,4780.77,4560.71,12104.97,300,5661.09,1400.07,3170.34,240,2330.19,480.01,12875.75,8882.74,5240.95,9783.33,380.01,5381.02,3780.51,12845.91,14667.71,14067.1,3060.34,2480.22,10654.1,2733.6,22434.93,5531.11,24892.57,8342.54,22197.99,4970.9,21917.61,25513.95,10113.83,12435.79,22238.78,20496.01
79.6356,1740.1,270,180,1500.07,208739.56,2210203.02,6201.29,3150.33,250,3960.53,4460.67,4420.66,14106.75,100,5060.87,1560.08,3000.31,460.01,1820.11,540.01,11144.31,8072.26,5781.16,8882.74,280,5140.93,2960.31,15428.53,16990.35,18752.62,3440.43,2720.27,11671.59,3300.4,19046.5,3890.55,19483.83,7201.89,23279.79,5221,18362.36,21697.32,9343.27,10684.27,18593.13,16670.59
82.9496,1350.06,290,320,1900.12,278557.7,2835837.51,6301.34,2790.26,180,2920.29,3920.52,3760.48,10503.74,300,4740.76,1540.08,3300.37,240,1830.11,680.02,11494.58,8752.66,4460.69,7341.87,310,5040.9,3230.37,12605.69,16149.35,15008.08,2540.23,2180.17,9770.12,3500.44,21767.19,4640.78,23880.77,6761.67,19724.21,4770.83,19323.69,19133.47,7962.37,12876.21,23140.33,16850.82
86.2637,1660.09,300,270,2700.24,204278.9,2441816.29,6601.47,2875.28,280,3760.48,3800.49,3980.54,10103.46,200,4500.69,1260.05,3080.32,520.01,1710.1,520.01,12015,9473.11,4860.82,8242.36,260,4760.8,3090.34,12445.55,16009.19,14988.06,2520.23,2160.17,8085.7,2800.28,17544.51,4570.76,18602.61,5961.3,18462.45,4610.78,19624.12,19644.2,8762.87,11444.91,18593.13,18332.81
89.5777,1760.1,350,250,2000.13,227813.58,2663975.95,7201.74,2665.24,230,3780.48,4000.54,4560.71,11304.34,100,4920.82,1440.07,3330.38,320,1570.08,640.01,11334.45,8262.37,4540.72,7742.08,310,3980.56,2790.28,10564,11024.36,12345.47,2520.23,2560.24,8986.25,3800.52,19213.4,4520.74,19553.93,5751.21,18712.79,4340.69,16409.87,19173.53,8252.55,8932.99,14768.28,16710.64
92.8918,1830.11,460.01,270,1700.1,197185.1,2181236.22,6701.51,2445.2,130,2720.25,2920.29,3360.38,11404.41,0,4400.66,1080.04,2820.27,300,1850.12,480.01,10443.78,7952.19,5330.99,8802.7,340,4440.7,2730.26,13166.21,15969.14,16890.23,2640.25,2180.17,9286.45,2833.62,17861.58,3950.57,15688.97,5030.92,18222.13,4750.83,21877.54,53424.89,29993.65,28470.34,28250.29,23941.84
96.2058,26,10,32,120,300,61724.438,320.002,23,-6,-4,288,116,5821.128,-60,0,44,36,0,8,108,20,0,0,0,0,1864.126,28,0,0,0,4,0,0,0,16.67,0,24,0,0,0,0,0,6,22,0,20
99.5198,23,8,36,100,260,64939.906,280.002,25.5,-4,-2,262,112,5821.138,-40,0,38,30,0,8,114,16,0,0,0,0,1770.115,29,0,0,0,4,0,0,0,13.336,0,20,0,0,0,0,0,6,20,0,16
102.8339,20,10,20,0,300,65140.96,200,30,0,0,200,160,6501.43,0,0,20,40,0,0,120,20,0,0,0,0,1880.13,20,0,0,0,0,0,0,0,16.67,0,0,0,0,0,0,0,0,30,0,20
106.1479,20,0,50,200,100,69158.86,100,30,0,0,240,60,5601.06,0,0,40,0,0,10,100,0,0,0,0,0,1300.06,30,0,0,0,0,0,0,0,0,0,40,0,0,0,0,0,20,0,0,0
109.462,10,0,70,0,100,81219.01,400.01,20,0,0,280,60,5300.95,0,0,20,10,0,20,180,0,0,0,0,0,1420.07,40,0,0,0,20,0,0,0,0,0,0,0,0,0,0,0,0,10,0,0
112.776,10,0,70,0,100,83229.98,100,55,0,20,20,100,4800.78,0,0,20,0,0,10,120,0,0,0,0,0,1560.09,60,0,0,0,0,0,0,0,0,0,0,0,0,0,0,0,0,20,0,0
116.0901,10,0,30,0,100,74182.74,0,30,10,0,180,120,6901.62,100,0,0,10,0,0,140,0,0,0,0,0,1280.06,10,0,0,0,0,0,0,0,0,0,0,0,0,0,0,0,10,10,0,0
119.4041,0,0,10,0,200,74182.74,100,15,10,0,240,100,6201.3,0,0,60,0,0,0,140,0,0,0,0,0,1780.11,20,0,0,0,0,0,0,0,0,0,0,0,10,0,0,0,10,20,0,0
122.7182,0,0,40,0,0,75187.73,100,25,0,40,180,140,5100.88,0,0,0,20,0,0,120,0,0,0,0,0,1560.09,10,0,0,0,0,0,0,0,0,0,0,0,0,0,0,0,0,30,0,0
126.0322,0,0,30,0,0,67149.77,200,15,0,0,260,60,5501.03,0,0,60,10,0,0,20,0,0,0,0,0,1600.09,30,0,0,0,0,0,0,0,0,0,0,0,0,0,0,0,0,0,0,0
129.3463,10,0,90,0,0,79208.32,200,30,0,0,180,120,8002.17,0,0,80,0,0,0,140,0,0,0,0,1730.11,59223.79,84713.54,416425.74,412103.94,537661.01,79366.2,75886.96,274924,82646.99,506100.17,133152.34,557077.3,169218.06,514495.03,127129,503324.68,549966.12,250946.09,378441.01,508187.38,601425.3
132.6603,49861.43,11064.02,3630.43,44365.25,525219.49,5042918.71,19412.67,84142.8,5250.93,116759.27,98346.26,124241.29,133703.95,2900.29,135763.91,35843.67,96778.32,11584.58,49584.14,8202.31,168670.78,225256.97,122166.01,272274.98,8982.84,73108.55,79613.98,386399.8,373642.26,482908.9,73795.6,69453.4,252553.16,86839.31,506670.58,133132.16,584837.73,179801.52,483370.34,116131.7,528823.35,621400.19,218574.39,306458.92,448991.75,541350.34
135.9743,48547.2,12194.88,4040.54,33737.74,421529.5,5258625.24,15908.51,65735.23,5300.95,105998.65,87397.75,109988.75,112024.28,2000.14,138852.56,32936.87,92339.83,10163.53,46223.13,6921.65,175127.07,214616.4,132648.14,284896.11,7892.19,68847.24,74717.31,398266.71,386033.2,512540.07,71262.42,77053.36,263895.48,81020.71,510387.48,129467.37,559346.91,183702.73,526987.26,115980.43,455227.06,611296.71,230380.39,290324.1,420369.13,494160.58
139.2884,46320.28,9813.16,3670.44,32735.54,423380.48,4749100.36,16108.72,68934.69,5400.98,95326.35,82610.33,108276.14,103764.13,2200.16,134895.98,33397.91,85619.24,11524.54,43976.2,7141.75,159001.83,224962.42,115985.22,248957.81,6571.52,65230.14,75561.79,361854.33,328219.8,433028.43,65092.24,58744.1,235217.96,76545.25,517876.12,122231.52,531699.29,170868.34,564468.7,121266.04,439265.93,538541.63,193045.41,281886.05,426687.69,472192.84
142.6024,43301.43,10013.29,3270.35,32134.24,433770.52,5346253.16,15007.57,63083.76,4510.69,89952.83,78025.5,104468.82,96112.48,1300.06,122125.09,28728.06,74538.97,10723.93,44878.94,6781.58,161742.07,215012.24,113586.21,246455.23,6321.41,67179.24,77331.34,357319.64,342907.14,425893.39,72006.24,71543.98,236624.99,68067.62,471917.75,114384.35,497657.02,158541.55,456335.31,103480.58,453232.18,558993.74,183046.07,251049.43,438610.27,447261.09
145.9165,38699.07,9843.18,3290.36,29027.95,372971.08,3842524.72,11004.07,58725.93,3710.46,93917.37,78749.33,96756.46,92891.92,2300.18,123415.8,28066.78,69032.11,9843.31,40496.14,6241.34,153654.33,179916.21,97106.31,207243.57,5601.1,67561.05,67330.27,302975.66,299708.22,374035.78,65092.24,67664.59,230235.1,67196.7,467142.3,117137.41,515062.18,163651.07,474911.71,104518.45,388807.46,529527.3,188278.06,240477.38,385711.52,453510.34
149.2305,40483.7,7771.98,3150.33,27625.31,393381.67,4596509.55,11604.53,61858.62,4340.64,83475.01,73884.29,82248.79,74990.36,2100.15,95448.81,23078.11,65646.62,8042.21,36856.51,5381,133888.73,186681.46,106955.73,215361.62,5170.94,56512.73,68716.93,306205.05,272702.07,364590.19,54486.71,52017.33,203503.89,60549.34,423033.67,103458.21,400194.1,136577.01,415412.1,97275.22,394281.36,498101.09,164750.11,224268.79,371655.54,410548.9
152.5446,36764.29,8942.63,2580.22,24920.6,369691.54,4047958.55,13005.69,59534.14,3920.52,73924.36,61447.52,74166.08,74286.81,1800.11,89873.84,21696.01,61930.5,7902.13,36786.33,6101.28,130790.49,160691,87676.09,182309.04,4620.75,50911.51,58651.65,271680.74,260777.09,331293.75,51736.22,52740.05,190993.92,58557.43,402961.53,97676.11,397198.9,134314.82,382009.56,82780.14,346150.27,402374.56,151292.25,206789.88,344142.22,384743.71
155.8586,35912.26,7261.73,2700.24,23117.73,311699.01,3730172.19,9903.3,49231.5,3730.47,72638.01,62190.62,67474.05,72678.82,1400.07,94502.72,23318.49,73433.42,7682.02,32726.68,5060.88,118293.24,151532.58,81992.76,147573.81,4840.82,54846.18,57808.18,255315.88,251366.54,325438.1,55249.71,50853.02,182750.25,57218.49,382181.49,87850.07,381523.2,130326.6,381495.54,92230.41,360464.17,433026.13,158171.28,210253.36,335605.93,362544.29
159.1727,31712.96,6561.41,2710.24,26222.81,365080.87,4353867.47,12705.43,53666.84,3760.48,71030.23,62190.62,66750.77,66047.71,1200.05,84803.86,18091.13,55043.11,5881.18,33799.12,6161.3,123577.27,153907.56,79539.06,171497.17,4140.6,49265.69,56884.44,250163.77,251386.89,300854.59,49307.4,45273.74,180065.35,52349.2,359961.24,83382.35,351127.42,116765.19,364501.56,83866.74,311386.69,376436.44,147287.85,204423.84,338642.26,362523.74
162.4867,29999.49,6531.4,2750.25,20213.56,316395.64,3572733.47,9202.85,46618.09,2930.29,57852.98,59579.9,70548.39,74387.32,1400.07,90698.89,20994.99,56247.67,6621.5,34380.48,5821.16,103298.68,132334.88,78422.96,161381.02,3890.53,49546.67,63301.68,247354.31,253301.09,281312.48,49006.34,44330.71,165147.45,49237.77,334412.31,82597.64,348532.49,117703.17,317491.48,76755.1,298349.92,349459.6,145245.66,188694.7,295358.06,303533.45
165.8008,28757.1,6631.44,2650.23,22917.42,318131.72,4769341.08,7902.1,41026.62,3060.32,54701.01,52673.73,54018.78,58616.37,1800.11,79836.16,20434.2,52835.01,6421.41,27776.43,4760.78,98968.48,144521.1,76070.39,152343.18,4120.6,48623.47,51303.1,198543.28,217118.1,268014.08,47922.57,40158.03,149234.67,44087.05,312336.17,75225.45,329838.67,114002.09,320121.71,73869.25,339526.75,380178.55,130191.6,181921.62,264593.79,277097.65
169.1148,26222.54,5681.06,2660.23,24620.11,333458.63,3788105.78,9102.79,42265.08,2660.24,51449.37,50004.49,54942.18,62331.57,1700.1,82390.19,19072.37,48610.44,6161.3,26624.28,4900.83,92485.65,126381.79,73818.72,157538.75,4370.67,47740.47,49255.82,217868.61,214518.3,241536.3,41522,36969.19,147078.4,43635.61,298092.26,72802.45,283428.34,108215.47,306198.41,67797.88,313125.85,340321.87,134423.22,191311.56,283276.73,268705.66
172.4289,26783.51,5711.07,2090.14,20814.37,300269.83,3515405.84,11004.07,40379.85,2740.25,56166.49,58415.26,59218.69,61126.54,1300.06,74488.2,18471.6,47968.33,6321.37,29339.48,5381,98062.31,123597.81,76442.35,135051.58,4200.62,44610.27,45924.61,194892.32,220510.76,256561.4,44410.92,37610.91,136992.22,43836.25,284254.21,71244.31,298237.4,95259.84,293504.72,61498.16,251142.57,317662.69,115053.54,167767.99,237870.78,240057.81
175.7429,23247.72,5340.94,2120.15,19212.25,258911.07,3498316.73,9302.91,39056.31,2720.25,52994.81,49322.19,49884.25,56006.25,1100.04,61407.97,13706.39,45761.29,6021.24,27165.28,4360.65,85462.52,114704.72,71115.16,143149.39,3690.48,48924.51,50199.14,206071.31,205564.88,230654.16,43187.06,37029.35,139348.95,41010.91,283675.79,61939.35,274948.32,86471.88,290389.29,72190.31,274873.94,350403.43,128202.49,168223.67,259208.18,239120.91
179.057,23157.58,4810.76,2160.15,22216.37,271938.12,3818769.35,9102.79,37371.98,2480.21,47275.47,52432.88,50787.32,56909.7,900.03,61809.64,14427.08,39813.98,5521.04,26143.41,4260.62,79538.77,104648.62,59241.61,115643.41,3440.42,43286.17,45713.93,175092.28,176146.13,195461.95,36407.67,31796.39,129688.94,38269.71,245044.65,59910.38,274754.49,87629.2,261444.29,55602.97,209081.4,315093.86,111917.05,148754.48,216750.62,221291.95
182.371,22396.44,4860.78,1850.11,15307.78,260131.87,2769904.65,8602.49,36234.17,2640.23,44306.29,44266.22,43905.28,61226.95,1200.05,71654.17,17470.38,43564.62,5441.01,26433.93,4420.67,83712.29,112527.66,63901.47,123024.3,2950.31,43747.58,43296.33,179406.6,202541.09,219963.3,42083.69,32738.58,128275.84,36481.54,250881.7,54939.67,238810.95,81833.54,263951.75,58836.47,238356.03,277159.98,108589.75,144710.38,246894.74,230549.43
185.685,23508.11,4960.81,2020.13,14506.98,226899.91,2392003.06,5601.06,32285.07,2440.2,38570.25,41959.5,45770.94,51489.82,1200.05,61528.47,15368.03,46192.64,5681.1,23779.37,4900.83,80483.99,98898.22,54884.39,110221.05,3050.33,42142.72,42283.26,156857.18,182993.51,195076.62,37330.12,32959.1,131505.98,36264.3,231682.96,57731.08,216535.78,82074.97,248160.33,52279.88,200625.72,285265.25,121197.53,158809.36,250991.17,220539.41
188.9991,20043.17,4660.71,2150.15,17710.41,252096.69,3123929.78,6801.56,31949.35,2280.18,40375.06,45770.79,48218.72,60724.89,2200.16,66831.54,15348.01,37768.58,4800.79,23889.55,4100.58,78925.41,94539.1,57143.15,120220.74,3160.35,38793.15,41049.63,174525.23,202419.35,193454.22,39054.85,31916.67,129722.59,32488.24,111499.64,13336.47,20204.87,2960.32,5901.27,830.03,1550.09,1380.07,380.01,300,340,300
192.3131,60,0,60,0,100,78658.79,0,45,10,0,220,240,4800.78,100,20,60,40,0,10,100,30,10,0,0,0,1420.07,20,0,20,0,20,0,16.67,0,16.67,0,30,0,0,10,0,10,10,0,20,0
195.6272,50,0,50,0,0,83229.98,0,40,0,0,260,160,6101.26,100,0,0,10,0,0,220,0,0,0,0,0,1480.08,50,0,0,0,0,0,0,0,0,0,0,0,0,0,10,0,30,20,20,0
198.9412,20,0,50,0,100,66145.33,0,35,10,0,260,60,7301.81,0,0,40,0,0,0,140,0,0,10,0,0,1720.1,20,0,0,0,0,0,0,0,0,0,0,0,0,0,0,0,0,30,0,0
202.2553,0,0,70,0,0,75187.73,100,25,0,0,160,100,4700.75,0,0,0,10,0,0,80,0,0,0,0,0,1200.05,60,0,0,0,0,0,16.67,0,0,0,0,0,0,0,0,0,0,20,0,0
205.5693,0,0,60,200,100,64136.65,100,40,0,0,200,160,4200.6,0,0,0,10,0,0,180,0,0,0,0,0,1300.06,40,0,0,0,0,0,0,0,0,0,0,0,0,0,0,0,10,10,0,0
208.8834,30,0,70,0,0,85241.21,100,40,20,0,160,100,5100.88,0,0,0,0,0,0,60,0,0,10,49926.57,1200.05,15428.41,770.02,4060.59,0,0,0,80,0,0,0,0,0,0,0,0,0,0,20,10,0,0
212.1974,0,0,60,0,200,72172.99,200,55,0,0,180,120,7101.71,0,0,20,0,0,0,200,0,0,0,0,220,1240.05,30,0,0,0,0,0,0,0,0,0,0,0,0,0,0,0,20,10,0,0
215.5115,0,0,30,0,0,81219.01,0,35,0,0,340,200,5200.92,0,0,20,0,0,0,100,0,0,0,0,0,1280.06,10,0,0,0,0,0,0,0,0,0,0,0,0,10,0,0,0,0,0,0
218.8255,20,0,40,0,400.01,70163.5,300,40,0,0,180,60,5501.03,0,0,40,0,40,0,200,0,0,0,0,0,1200.05,20,0,0,0,0,0,0,0,0,0,0,0,0,0,0,0,20,20,20,0
222.1396,0,0,10,0,0,73177.84,0,20,0,0,140,100,7501.91,0,0,20,0,0,0,120,0,0,0,0,0,920.03,10,0,0,0,0,0,0,0,0,0,0,0,0,0,0,0,0,0,0,0
225.4536,10,0,40,100,100,67149.77,0,15,0,0,240,160,6001.22,0,0,0,0,20,0,180,0,0,0,0,0,1540.08,30,0,0,0,0,0,0,0,0,0,0,0,0,0,0,0,0,20,0,0
228.7676,30,0,40,0,0,61124.12,100,15,0,0,180,100,5901.18,0,0,20,10,20,20,120,0,0,0,0,0,1500.08,40,0,0,0,0,0,0,0,0,10,0,0,0,0,0,0,10,10,0,0
232.0817,0,0,30,0,0,58112.21,0,25,0,0,180,180,5601.06,0,0,0,0,20,0,260,0,0,0,0,0,1940.13,20,0,0,0,0,0,0,0,0,0,0,0,0,0,0,0,0,40,0,0
235.3957,10,0,90,100,0,62128.23,200,30,0,20,200,40,5100.88,0,0,0,0,0,0,100,0,0,0,0,0,1560.09,20,0,0,0,0,0,0,0,0,0,0,0,0,0,0,0,0,30,0,0
238.7098,20,0,80,0,0,87252.7,0,35,0,0,160,140,6301.35,100,0,0,0,20,0,160,0,0,0,0,0,1440.07,20,0,0,0,0,0,0,0,0,0,0,0,0,0,0,0,0,20,0,0
242.0238,10,0,70,0,100,86246.92,100,20,0,0,200,140,6001.22,0,0,40,0,0,0,100,0,0,0,0,0,1180.05,21786.81,0,0,0,0,0,0,0,0,0,0,0,0,0,0,0,10,10,0,0
245.3379,10,0,40,100,0,71168.21,100,15,10,0,340,80,6001.22,100,0,40,0,0,0,20,0,0,0,0,0,1840.12,20,0,0,0,0,0,0,0,0,0,0,0,0,0,0,0,1340.07,85040.1,1980.15,2440.23
248.6519,5791.1,560.01,230,769256.22,3747897.35,2664017.94,53797.18,790.02,53436.14,14847.45,3880.51,297124.14,5290487.23,124322.68,2160.16,620.01,20,5380.99,3560.43,280,26754.8,14337.13,1290.06,2320.19,50,8862.78,2400.2,48905.6,87030.89,14127.16,7622.09,1060.04,716.69,700.02,966.7,1280.06,1230.06,1330.06,380.01,840.03,680.02,230,1290.06,93919.33,2560.25,2320.21
251.966,6761.5,650.01,260,621670.96,4319382.13,2378549.94,43964.92,595.01,58635.74,17970.92,4080.56,302573.3,4877912.61,103462.26,2320.18,520.01,10,5761.13,3110.33,480.01,25412.37,12945.81,1190.05,2460.21,50,8762.71,2680.25,46698.05,93552.94,13206.26,7241.89,1080.04,1233.39,933.36,700.02,1240.06,1050.04,1420.07,640.01,720.02,420.01,260,920.03,79315,2240.19,2460.23
255.28,6751.49,610.01,230,627714.03,3956846.18,2486781.38,37747.87,625.01,53074.84,17590.46,4000.54,270111.91,4312729.39,107289.5,2300.18,420.01,40,6261.34,3290.37,360,23559.23,13456.28,980.03,2180.17,50,6841.66,2270.18,46437.18,90653.88,13406.45,6961.74,920.03,816.69,683.35,733.35,1210.05,1060.04,1110.04,540.01,670.02,470.01,220,980.04,80552.38,2440.23,1960.15
258.5941,6351.32,610.01,130,583280.09,3468455.16,2787478.63,40053.89,650.01,50054.36,16729.46,3300.37,255779.66,4172395.41,115551.67,2020.14,440.01,0,3820.5,2990.31,260,25732.94,11994.99,870.03,1920.13,20,8922.81,2370.2,44029.39,90895.44,14907.97,6901.71,900.03,1033.37,900.03,650.02,1170.05,1130.05,1200.05,440.01,930.03,530.01,320,910.03,76659.55,1820.13,1960.15
261.9081,5340.94,560.01,280,695286.88,3709233.68,2050340.23,36544.87,675.02,50917.29,15227.84,4340.64,267464.29,4499636.82,116861.95,1900.12,620.01,30,5080.88,3030.31,200,23729.51,13346.18,1040.04,1800.11,60,8002.26,1900.13,41561.84,77856.86,10523.97,5741.19,980.03,900.03,683.35,766.69,1090.04,970.03,750.02,650.02,630.01,380.01,290,900.03,73441.53,1900.14,1960.15
265.2222,5761.09,540.01,190,684091.28,3817001.65,1990103.91,43864.63,595.01,48479.14,13446.11,3800.49,248252.65,4219707.91,113737.62,2380.19,580.01,10,3960.54,2800.27,200,21475.98,11694.74,880.03,1880.12,70,8582.6,2260.18,38172.17,76589.87,9563.28,6461.5,780.02,750.02,600.01,750.02,1220.05,940.03,830.03,410.01,680.02,380.01,240,730.02,70143.86,1560.09,1840.13
268.5362,5430.97,560.01,210,657025.31,3644684.46,2520111.45,39753.09,575.01,47084.66,12825.56,3860.5,253622.89,4313314.94,104368.62,2000.14,500.01,20,3180.35,2710.25,260,21385.85,10483.81,840.02,1560.08,0,8462.53,2040.15,30673.7,69653.62,10443.91,6921.72,940.03,783.36,716.69,833.36,1260.06,890.03,900.03,580.01,750.02,440.01,320,910.03,71621.68,1840.13,1800.12
271.8502,5290.92,550.01,240,647735.61,3455976.25,2632221.55,40655.52,460.01,41959.3,13285.97,3700.46,220699.61,3991384.46,107893.9,1520.08,500.01,20,3620.45,2400.2,240,18962.46,10313.69,890.03,1700.1,20,9022.88,2230.18,37209.57,89748.04,9723.39,6441.49,940.03,766.69,616.68,516.68,1110.04,830.03,1010.04,550.01,670.02,320,240,730.02,62405.58,2180.18,1760.12
275.1643,5801.1,540.01,180,700207.14,3602753.21,2058097.07,38148.89,565.01,46091.54,13125.82,3360.38,211932.38,4357002.83,124322.68,1760.11,540.01,30,3960.54,3330.38,200,24290.44,11044.23,800.02,1700.1,40,9022.88,1970.14,35284.58,83529.56,10343.84,5421.06,800.02,733.35,466.67,766.69,1080.04,730.02,1020.04,430.01,740.02,480.01,150,670.02,69802.07,2100.17,1660.11
278.4783,5210.89,340,180,610424.67,3504802.81,2034584.25,34640.32,520.01,44536.8,13366.04,3100.33,188092.22,4165258.3,103562.95,1520.08,440.01,50,3660.46,2920.29,300,18441.79,10673.95,1010.04,1900.13,40,8722.69,2190.17,32818.57,79948.65,9523.25,5801.21,740.02,866.69,750.02,716.69,830.03,760.02,860.03,400.01,650.02,320,220,920.03,63711.72,2140.17,1820.13
281.7924,5080.85,420.01,240,701358.9,3855874.7,2434907.84,41056.62,560.01,43874.83,11824.73,3460.41,217269.24,4316577.05,107390.22,1740.1,540.01,50,2960.3,2540.22,300,20083.98,11114.28,960.03,1500.08,70,8762.71,1890.13,32277.31,73774.74,10503.96,6421.48,680.02,850.03,616.68,533.34,1040.04,820.02,900.03,480.01,640.02,430.01,170,570.01,65580.75,1940.14,1860.13
285.1064,4880.78,550.01,210,704291.13,3651295.39,2637432.98,35943.41,500.01,42631.21,13045.75,3500.41,215706.54,4376783.69,107390.22,1540.08,660.01,30,3260.36,2670.24,240,19302.91,9453.1,860.03,1420.07,10,8322.45,1940.13,28849.81,71905.01,8102.36,6401.48,780.02,883.36,583.35,583.35,780.02,800.02,900.03,320,770.02,260,200,630.01,67630.94,1980.15,1520.09
288.4205,5280.91,530.01,190,618337.86,3264358.47,2236988.17,27725.83,560.01,42280.21,11524.49,3260.36,206009.31,4761932.14,118373.95,1560.08,520.01,30,2920.29,2350.19,240,19142.7,10263.65,730.02,1540.08,20,9042.89,1840.12,36287.15,88842.26,9323.12,7341.94,720.02,883.36,750.02,600.01,970.03,780.02,820.02,330,670.02,330,280,690.02,58457.76,1840.13,1620.1
291.7345,5240.9,490.01,230,590451.58,3098206.51,2323403.94,33036.67,630.01,38329.49,11664.6,2960.3,206354.08,4277795.8,112528.4,1760.11,420.01,20,2800.27,2760.26,280,17370.46,9383.05,630.01,1520.08,10,8902.8,1830.12,30473.26,78983.17,9363.15,5381.04,640.01,816.69,683.35,616.68,930.03,700.02,800.02,360,660.02,310,250,810.02,65208.93,2280.2,1780.12
295.0486,4600.69,450.01,250,597210.41,3088834.83,1940896.76,29429.1,505.01,36635.21,10563.77,3540.42,206597.46,4439792.68,119281.24,1840.12,460.01,0,2800.27,2400.2,260,18181.46,9603.2,750.02,1660.1,30,8862.78,2070.15,32157.03,80029.11,8142.38,6101.34,520.01,766.69,733.35,683.35,830.03,730.02,770.02,340,750.02,390.01,200,930.03,66032.97,1660.1,1680.11
298.3626,4740.74,420.01,170,617296.4,3344209.45,2035432.64,32034.48,505.01,37397.11,10263.56,3100.33,189733.04,4283706.35,100743.5,1340.06,360,10,2920.29,2680.25,400.01,18451.8,9363.04,800.02,1500.08,0,8542.58,1870.12,30252.78,69472.72,7181.85,6661.6,660.02,766.69,633.35,633.35,1120.05,720.02,850.03,520.01,630.01,260,240,960.03,65058.2,1800.12,1180.05
301.6767,5080.85,440.01,150,681267.5,3545446.56,2326555.07,30631.53,445.01,39372.22,11304.32,3040.31,189834.33,4061293.45,100139.4,1560.08,500.01,10,3040.32,2360.19,340,17320.4,7732.07,740.02,1460.07,20,7902.21,1500.08,30613.56,71121,8722.73,5501.09,800.02,800.02,633.35,516.68,750.02,700.02,800.02,420.01,490.01,310,220,800.02,53537.17,1380.07,1740.12
304.9907,4410.64,360,210,539492.49,3044229.76,1787578.77,28026.4,405.01,34429.94,9623.13,3000.3,180761.36,4146495.01,108296.84,1480.07,420.01,10,2180.16,2100.15,200,16149.04,8802.69,760.02,1240.05,20,7542.01,1530.08,27066.24,65071.55,7702.13,5621.14,640.01,816.69,516.68,666.68,830.03,690.02,590.01,290,400.01,300,240,780.02,59221.11,1520.09,1180.05
308.3047,10,0,40,0,400.01,76192.77,100,25,0,20,280,80,6001.22,0,0,20,10,0,0,80,0,0,0,0,0,1360.07,0,0,0,0,0,0,0,0,0,0,0,0,0,0,0,0,0,10,0,0
311.6188,0,0,20,100,5323.4,94536,100,40,0,20,300,140,12880.56,100,0,40,10,20,10,120,10,0,0,20,0,1440.07,20,0,20,0,0,0,0,0,0,0,0,0,0,0,0,0,10,10,0,0
314.9328,10,0,100,0,100,72172.99,100,40,10,0,280,40,5100.88,0,0,0,10,0,0,80,0,0,0,0,0,1380.07,10,0,0,0,0,0,0,0,0,0,0,0,0,0,0,0,10,10,0,0
318.2469,10,0,20,0,0,53093.67,100,5,10,0,140,100,5100.88,0,20,20,0,0,0,100,0,0,0,0,0,1140.05,20,0,0,0,0,0,0,0,0,0,0,0,0,0,0,0,0,0,0,0
321.5609,10,0,40,0,400.01,76192.77,100,25,0,20,280,80,6001.22,0,0,20,10,0,0,80,0,0,0,0,0,1360.07,0,0,0,0,0,0,0,0,0,0,0,0,0,0,0,0,0,10,0,0
324.875,20,0,40,0,0,61124.12,0,15,0,0,180,40,5200.92,0,0,20,0,0,0,160,0,0,0,0,0,1260.06,30,0,0,0,0,0,0,0,0,0,0,0,0,0,0,0,0,0,0,0
328.189,10,0,20,0,100,75187.73,300,10,0,0,180,40,5901.18,0,0,20,0,0,0,80,0,0,0,0,0,1280.06,10,0,0,0,0,0,0,550.01,0,0,0,0,0,0,0,0,0,10,0,0
331.5031,10,0,30,0,0,65140.96,0,10,0,0,120,40,5400.99,0,0,40,10,0,10,60,0,0,0,0,0,1220.05,10,0,0,20,0,0,0,0,0,0,0,0,0,0,0,0,0,10,0,0
334.8171,30,0,40,100,100,84235.55,100,45,0,0,140,140,5701.1,0,0,40,0,0,0,80,0,0,0,0,0,1280.06,20,0,0,0,0,0,0,0,0,0,0,0,0,0,0,0,10,40,0,0
338.1312,0,0,30,0,100,88258.56,0,5,0,0,220,80,6001.22,0,0,20,0,0,10,180,0,0,0,0,0,1200.05,0,0,0,0,0,0,0,0,0,0,170,960.03,490.01,1060.04,820.02,190,820.03,82081.66,2260.19,3060.36
